{
  "options": {
    "summaryTrendStats": [
      "avg",
      "min",
      "med",
      "p(90)",
      "p(95)",
      "p(99)",
      "max"
    ],
    "summaryTimeUnit": "",
    "noColor": false
  },
  "state": {
    "isStdOutTTY": false,
    "isStdErrTTY": false,
    "testRunDurationMs": 45678.365951
  },
  "metrics": {
    "http_req_failed": {
      "type": "rate",
      "contains": "default",
      "values": {
        "rate": 0,
        "passes": 0,
        "fails": 716
      },
      "thresholds": {
        "rate<0.01": {
          "ok": true
        }
      }
    },
    "http_reqs": {
      "contains": "default",
      "values": {
        "count": 716,
        "rate": 15.674816405824718
      },
      "type": "counter"
    },
    "group_duration": {
      "type": "trend",
      "contains": "time",
      "values": {
        "avg": 125.13512276793242,
        "min": 96.88975,
        "med": 121.947458,
        "p(90)": 141.8676998,
        "p(95)": 146.2008496,
        "p(99)": 171.35729164,
        "max": 252.412292
      }
    },
    "http_req_connecting": {
      "type": "trend",
      "contains": "time",
      "values": {
        "med": 0,
        "p(90)": 0,
        "p(95)": 0,
        "p(99)": 0.5703016999999998,
        "max": 1.227125,
        "avg": 0.009160963687150837,
        "min": 0
      }
    },
    "recommendation_feed_first_page_duration": {
      "type": "trend",
      "contains": "time",
      "values": {
        "avg": 110.79390444725739,
        "min": 87.083,
        "med": 107.899834,
        "p(90)": 125.300225,
        "p(95)": 128.716192,
        "p(99)": 154.04698323999997,
        "max": 202.020833
      }
    },
    "http_req_blocked": {
      "type": "trend",
      "contains": "time",
      "values": {
        "min": 0.000875,
        "med": 0.003625,
        "p(90)": 0.011917,
        "p(95)": 0.014416749999999996,
        "p(99)": 0.6230642499999997,
        "max": 2.406709,
        "avg": 0.018235237430167625
      }
    },
    "recommendation_feed_third_page_duration": {
      "values": {
        "p(90)": 8.316433,
        "p(95)": 9.875366799999995,
        "p(99)": 14.786234879999997,
        "max": 20.466167,
        "avg": 6.440290434599159,
        "min": 4.080834,
        "med": 5.948417
      },
      "type": "trend",
      "contains": "time"
    },
    "data_sent": {
      "values": {
        "count": 371713,
        "rate": 8137.615964606596
      },
      "type": "counter",
      "contains": "data"
    },
    "iteration_duration": {
      "values": {
        "p(95)": 349.4179414,
        "p(99)": 372.40829324,
        "max": 454.612458,
        "avg": 327.4338840970467,
        "min": 299.011041,
        "med": 324.866166,
        "p(90)": 344.86986720000004
      },
      "type": "trend",
      "contains": "time"
    },
    "recommendation_feed_second_page_duration": {
      "type": "trend",
      "contains": "time",
      "values": {
        "max": 36.426583,
        "avg": 6.907278827004217,
        "min": 4.578167,
        "med": 6.549583,
        "p(90)": 8.560017,
        "p(95)": 9.423033199999995,
        "p(99)": 12.663305119999999
      }
    },
    "vus_max": {
      "type": "gauge",
      "contains": "default",
      "values": {
        "min": 2,
        "max": 2,
        "value": 2
      }
    },
    "http_req_receiving": {
      "type": "trend",
      "contains": "time",
      "values": {
        "p(95)": 0.30567649999999996,
        "p(99)": 0.5699168499999993,
        "max": 1.985333,
        "avg": 0.13906415083798895,
        "min": 0.016167,
        "med": 0.1089995,
        "p(90)": 0.24906250000000002
      }
    },
    "checks": {
      "type": "rate",
      "contains": "default",
      "values": {
        "passes": 2143,
        "fails": 0,
        "rate": 1
      }
    },
    "http_req_duration": {
      "contains": "time",
      "values": {
        "min": 4.080834,
        "med": 7.391,
        "p(90)": 113.550229,
        "p(95)": 122.64233324999998,
        "p(99)": 130.98693310000002,
        "max": 224.550375,
        "avg": 41.95389246368716
      },
      "thresholds": {
        "p(95)<1000": {
          "ok": true
        }
      },
      "type": "trend"
    },
    "http_req_waiting": {
      "type": "trend",
      "contains": "time",
      "values": {
        "p(95)": 122.42822899999999,
        "p(99)": 130.500241,
        "max": 223.83775,
        "avg": 41.79139632821227,
        "min": 4.023416,
        "med": 7.1693955,
        "p(90)": 113.27397900000001
      }
    },
    "http_req_tls_handshaking": {
      "values": {
        "min": 0,
        "med": 0,
        "p(90)": 0,
        "p(95)": 0,
        "p(99)": 0,
        "max": 0,
        "avg": 0
      },
      "type": "trend",
      "contains": "time"
    },
    "http_req_sending": {
      "type": "trend",
      "contains": "time",
      "values": {
        "min": 0.002958,
        "med": 0.011020499999999999,
        "p(90)": 0.0402085,
        "p(95)": 0.056302,
        "p(99)": 0.20548124999999998,
        "max": 1.259834,
        "avg": 0.023431984636871496
      }
    },
    "iterations": {
      "contains": "default",
      "values": {
        "count": 237,
        "rate": 5.188451799134718
      },
      "type": "counter"
    },
    "data_received": {
      "type": "counter",
      "contains": "data",
      "values": {
        "count": 7638786,
        "rate": 167229.84373377677
      }
    },
    "vus": {
      "values": {
        "value": 1,
        "min": 1,
        "max": 2
      },
      "type": "gauge",
      "contains": "default"
    },
    "recommendation_feed_failed": {
      "contains": "default",
      "values": {
        "rate": 0,
        "passes": 0,
        "fails": 711
      },
      "thresholds": {
        "rate<0.01": {
          "ok": true
        }
      },
      "type": "rate"
    },
    "http_req_duration{expected_response:true}": {
      "type": "trend",
      "contains": "time",
      "values": {
        "min": 4.080834,
        "med": 7.391,
        "p(90)": 113.550229,
        "p(95)": 122.64233324999998,
        "p(99)": 130.98693310000002,
        "max": 224.550375,
        "avg": 41.95389246368716
      }
    },
    "recommendation_feed_cursor_page_duration": {
      "type": "trend",
      "contains": "time",
      "values": {
        "p(90)": 8.4511375,
        "p(95)": 9.7939544,
        "p(99)": 13.55153675,
        "max": 36.426583,
        "avg": 6.673784630801685,
        "min": 4.080834,
        "med": 6.2565835
      }
    }
  },
  "setup_data": {
    "tokens_redacted": 5
  },
  "root_group": {
    "checks": [],
    "name": "",
    "path": "",
    "id": "d41d8cd98f00b204e9800998ecf8427e",
    "groups": [
        {
          "name": "setup",
          "path": "::setup",
          "id": "5c0f8025f7e0b6654089e5b00e950f1a",
          "groups": [],
          "checks": [
              {
                "name": "login status is 200",
                "path": "::setup::login status is 200",
                "id": "bb27b460b057923f4a083e3603c038b9",
                "passes": 5,
                "fails": 0
              },
              {
                "name": "login has access token",
                "path": "::setup::login has access token",
                "id": "9f124db60fabdee70b1e1f13323c7364",
                "passes": 5,
                "fails": 0
              }
            ]
        },
        {
          "name": "recommendation feed first page",
          "path": "::recommendation feed first page",
          "id": "79bdfd6375d779485460447d37106a78",
          "groups": [],
          "checks": [
              {
                "name": "feed status is 200",
                "path": "::recommendation feed first page::feed status is 200",
                "id": "e3cab7e5849fd86735a652fe60f4ffff",
                "passes": 711,
                "fails": 0
              },
              {
                "passes": 711,
                "fails": 0,